idx,hpwl_normalized,hpwl_rescaled,macro_hpwl_normalized,macro_hpwl_rescaled,legality_2,macro_legality,original_hpwl_normalized,hpwl_ratio,model_time,generation_time,eval_time,model_vertices,model_edges,num_vertices,num_edges,lambda_2
3739,10.840814590454102,338.265625,10.840814590454102,338.265625,0.42941776270633725,0.42941776270633725,15.366870880126953,0.7054666285036515,2.558584213256836,3.1356589794158936,0.029137849807739258,12,48,12,48,0.34681144
